Experiment, Ambient, Above, Below, datetime, time_since_start, Done
baseline_cold,25.70,25.70,25.51,2021-10-06-16:24:40,0.00,False 
baseline_cold,25.70,25.70,25.45,2021-10-06-16:24:46,5.62,False 
baseline_cold,25.70,25.70,25.45,2021-10-06-16:24:51,11.22,False 
baseline_cold,25.70,25.70,25.45,2021-10-06-16:24:57,16.82,False 
baseline_cold,25.70,25.70,25.45,2021-10-06-16:25:02,22.43,False 
baseline_cold,25.70,25.70,25.45,2021-10-06-16:25:08,28.11,False 
baseline_cold,25.70,25.70,25.45,2021-10-06-16:25:14,33.79,False 
baseline_cold,25.70,25.70,25.45,2021-10-06-16:25:20,39.48,False 
baseline_cold,25.70,25.70,25.45,2021-10-06-16:25:25,45.14,False 
baseline_cold,25.70,25.70,25.45,2021-10-06-16:25:31,50.76,False 
baseline_cold,25.70,25.70,25.45,2021-10-06-16:25:36,56.43,False 
baseline_cold,25.70,25.70,25.45,2021-10-06-16:25:42,62.13,False 
baseline_cold,25.70,25.70,25.45,2021-10-06-16:25:48,67.79,False 
baseline_cold,25.70,25.70,25.45,2021-10-06-16:25:54,73.47,False 
baseline_cold,25.70,25.70,25.39,2021-10-06-16:25:59,79.14,False 
baseline_cold,25.70,25.70,25.45,2021-10-06-16:26:05,84.75,False 
baseline_cold,25.70,25.70,25.39,2021-10-06-16:26:10,90.43,False 
baseline_cold,25.64,25.64,25.39,2021-10-06-16:26:16,96.14,False 
baseline_cold,25.64,25.64,25.39,2021-10-06-16:26:22,101.79,False 
baseline_cold,25.64,25.64,25.39,2021-10-06-16:26:28,107.47,False 
baseline_cold,25.64,25.70,25.39,2021-10-06-16:26:33,113.14,False 
baseline_cold,25.64,25.64,25.39,2021-10-06-16:26:39,118.75,False 
baseline_cold,25.64,25.64,25.39,2021-10-06-16:26:44,124.43,False 
baseline_cold,25.64,25.64,25.39,2021-10-06-16:26:50,130.10,False 
baseline_cold,25.64,25.64,25.39,2021-10-06-16:26:56,135.71,False 
baseline_cold,25.64,25.64,25.39,2021-10-06-16:27:01,141.39,False 
baseline_cold,25.64,25.64,25.39,2021-10-06-16:27:07,147.06,False 
baseline_cold,25.64,25.64,25.32,2021-10-06-16:27:13,152.67,False 
baseline_cold,25.64,25.64,25.39,2021-10-06-16:27:18,158.39,False 
baseline_cold,25.64,25.64,25.32,2021-10-06-16:27:24,164.03,False 
baseline_cold,25.64,25.64,25.39,2021-10-06-16:27:30,169.71,False 
baseline_cold,25.64,25.64,25.32,2021-10-06-16:27:35,175.39,False 
baseline_cold,25.64,25.64,25.32,2021-10-06-16:27:41,181.07,False 
baseline_cold,25.64,25.64,25.32,2021-10-06-16:27:47,186.75,False 
baseline_cold,25.64,25.64,25.32,2021-10-06-16:27:52,192.43,False 
baseline_cold,25.64,25.64,25.32,2021-10-06-16:27:58,198.14,False 
baseline_cold,25.64,25.64,25.32,2021-10-06-16:28:04,203.78,False 
baseline_cold,25.64,25.64,25.32,2021-10-06-16:28:09,209.39,False 
baseline_cold,25.57,25.64,25.32,2021-10-06-16:28:15,215.07,False 
baseline_cold,25.57,25.57,25.32,2021-10-06-16:28:21,220.75,False 
baseline_cold,25.64,25.57,25.32,2021-10-06-16:28:27,226.54,False 
baseline_cold,25.64,25.57,25.39,2021-10-06-16:28:32,232.30,False 
baseline_cold,25.64,25.57,25.32,2021-10-06-16:28:38,238.01,False 
baseline_cold,25.64,25.57,25.32,2021-10-06-16:28:44,243.68,False 
baseline_cold,25.57,25.57,25.32,2021-10-06-16:28:49,249.30,False 
baseline_cold,25.57,25.57,25.32,2021-10-06-16:28:55,254.92,False 
baseline_cold,25.57,25.57,25.32,2021-10-06-16:29:01,260.59,False 
baseline_cold,25.57,25.57,25.32,2021-10-06-16:29:06,266.26,False 
baseline_cold,25.57,25.57,25.32,2021-10-06-16:29:12,271.87,False 
baseline_cold,25.57,25.57,25.32,2021-10-06-16:29:18,277.55,False 
baseline_cold,25.57,25.57,25.26,2021-10-06-16:29:23,283.22,False 
baseline_cold,25.57,25.57,25.32,2021-10-06-16:29:29,288.82,False 
baseline_cold,25.57,25.51,25.26,2021-10-06-16:29:34,294.43,False 
baseline_cold,25.57,25.57,25.32,2021-10-06-16:29:40,300.15,False 
baseline_cold,25.57,25.57,25.26,2021-10-06-16:29:46,305.79,False 
baseline_cold,25.57,25.57,25.26,2021-10-06-16:29:52,311.47,False 
baseline_cold,25.57,25.57,25.26,2021-10-06-16:29:57,317.14,False 
baseline_cold,25.57,25.57,25.26,2021-10-06-16:30:03,322.75,False 
baseline_cold,25.51,25.57,25.26,2021-10-06-16:30:08,328.43,False 
baseline_cold,25.57,25.57,25.26,2021-10-06-16:30:14,334.19,False 
baseline_cold,25.57,25.57,25.26,2021-10-06-16:30:20,339.87,False 
baseline_cold,25.57,25.57,25.26,2021-10-06-16:30:26,345.55,False 
baseline_cold,25.51,25.51,25.26,2021-10-06-16:30:31,351.22,False 
baseline_cold,25.57,25.57,25.26,2021-10-06-16:30:37,356.83,False 
baseline_cold,25.51,25.51,25.26,2021-10-06-16:30:43,362.51,False 
baseline_cold,25.51,25.51,25.26,2021-10-06-16:30:48,368.19,False 
baseline_cold,25.57,25.51,25.26,2021-10-06-16:30:54,373.87,False 
baseline_cold,25.51,25.51,25.26,2021-10-06-16:31:00,379.55,False 
baseline_cold,25.51,25.51,25.26,2021-10-06-16:31:05,385.22,False 
baseline_cold,25.51,25.51,25.26,2021-10-06-16:31:11,390.83,False 
baseline_cold,25.51,25.51,25.26,2021-10-06-16:31:17,396.51,False 
baseline_cold,25.57,25.51,25.20,2021-10-06-16:31:22,402.18,False 
baseline_cold,25.51,25.51,25.26,2021-10-06-16:31:28,407.79,False 
baseline_cold,25.51,25.51,25.26,2021-10-06-16:31:34,413.47,False 
baseline_cold,25.57,25.51,25.26,2021-10-06-16:31:39,419.15,False 
baseline_cold,25.51,25.51,25.20,2021-10-06-16:31:45,424.83,False 
baseline_cold,25.51,25.51,25.20,2021-10-06-16:31:51,430.51,False 
baseline_cold,25.51,25.51,25.20,2021-10-06-16:31:56,436.19,False 
baseline_cold,25.51,25.51,25.20,2021-10-06-16:32:02,441.87,False 
baseline_cold,25.51,25.51,25.20,2021-10-06-16:32:08,447.55,False 
baseline_cold,25.57,25.51,25.20,2021-10-06-16:32:13,453.23,False 
baseline_cold,25.51,25.51,25.20,2021-10-06-16:32:19,458.91,False 
baseline_cold,25.51,25.51,25.20,2021-10-06-16:32:25,464.59,False 
baseline_cold,25.51,25.51,25.20,2021-10-06-16:32:30,470.26,False 
baseline_cold,25.51,25.51,25.20,2021-10-06-16:32:36,475.86,False 
baseline_cold,25.51,25.51,25.20,2021-10-06-16:32:42,481.47,False 
baseline_cold,25.51,25.51,25.20,2021-10-06-16:32:47,487.15,False 
baseline_cold,25.51,25.51,25.20,2021-10-06-16:32:53,492.83,False 
baseline_cold,25.51,25.45,25.20,2021-10-06-16:32:59,498.51,False 
baseline_cold,25.51,25.51,25.20,2021-10-06-16:33:04,504.18,False 
baseline_cold,25.51,25.45,25.20,2021-10-06-16:33:10,509.79,False 
baseline_cold,25.45,25.45,25.20,2021-10-06-16:33:16,515.47,False 
baseline_cold,25.51,25.51,25.20,2021-10-06-16:33:21,521.15,False 
baseline_cold,25.51,25.45,25.14,2021-10-06-16:33:27,526.83,False 
baseline_cold,25.51,25.45,25.20,2021-10-06-16:33:33,532.51,False 
baseline_cold,25.51,25.45,25.20,2021-10-06-16:33:38,538.18,False 
baseline_cold,25.51,25.45,25.20,2021-10-06-16:33:44,543.79,False 
baseline_cold,25.51,25.45,25.20,2021-10-06-16:33:50,549.47,False 
baseline_cold,25.57,25.45,25.26,2021-10-06-16:33:55,555.14,False 
baseline_cold,25.51,25.45,25.26,2021-10-06-16:34:01,560.75,False 
baseline_cold,25.51,25.45,25.26,2021-10-06-16:34:06,566.43,False 
baseline_cold,25.57,25.45,25.26,2021-10-06-16:34:12,572.10,False 
baseline_cold,25.57,25.45,25.26,2021-10-06-16:34:18,577.70,False 
baseline_cold,25.57,25.45,25.26,2021-10-06-16:34:23,583.30,False 
baseline_cold,25.57,25.45,25.26,2021-10-06-16:34:29,588.91,False 
baseline_cold,25.57,25.45,25.26,2021-10-06-16:34:35,594.59,False 
baseline_cold,25.64,25.45,25.26,2021-10-06-16:34:40,600.26,False 
baseline_cold,25.64,25.45,25.26,2021-10-06-16:34:46,605.87,False 
baseline_cold,25.64,25.45,25.26,2021-10-06-16:34:52,611.55,False 
baseline_cold,25.64,25.45,25.26,2021-10-06-16:34:57,617.22,False 
baseline_cold,25.64,25.45,25.26,2021-10-06-16:35:03,622.83,True 
baseline_cold,25.64,25.45,25.26,2021-10-06-16:35:09,628.51,True 
baseline_cold,25.64,25.45,25.26,2021-10-06-16:35:14,634.18,True 
baseline_cold,25.64,25.45,25.32,2021-10-06-16:35:20,639.79,True 
baseline_cold,25.64,25.51,25.32,2021-10-06-16:35:26,645.47,True 
baseline_cold,25.70,25.45,25.32,2021-10-06-16:35:31,651.14,True 
baseline_cold,25.70,25.45,25.32,2021-10-06-16:35:37,656.75,True 
baseline_cold,25.70,25.45,25.32,2021-10-06-16:35:42,662.43,True 
baseline_cold,25.70,25.51,25.32,2021-10-06-16:35:48,668.10,True 
baseline_cold,25.70,25.45,25.32,2021-10-06-16:35:54,673.71,True 
baseline_cold,25.70,25.51,25.32,2021-10-06-16:35:59,679.39,True 
baseline_cold,25.70,25.45,25.32,2021-10-06-16:36:05,685.06,True 
baseline_cold,25.70,25.51,25.32,2021-10-06-16:36:11,690.67,True 
baseline_cold,25.70,25.51,25.32,2021-10-06-16:36:16,696.34,True 
baseline_cold,25.70,25.51,25.32,2021-10-06-16:36:22,701.95,True 
baseline_cold,25.76,25.51,25.32,2021-10-06-16:36:28,707.63,True 
baseline_cold,25.70,25.51,25.32,2021-10-06-16:36:33,713.30,True 
baseline_cold,25.76,25.45,25.32,2021-10-06-16:36:39,718.90,True 
baseline_cold,25.76,25.51,25.32,2021-10-06-16:36:45,724.51,True 
baseline_cold,25.76,25.51,25.32,2021-10-06-16:36:50,730.18,True 
baseline_cold,25.76,25.51,25.39,2021-10-06-16:36:56,735.79,True 
baseline_cold,25.76,25.51,25.39,2021-10-06-16:37:02,741.47,True 
baseline_cold,25.76,25.51,25.39,2021-10-06-16:37:07,747.15,True 
baseline_cold,25.76,25.51,25.39,2021-10-06-16:37:13,752.83,True 
baseline_cold,25.76,25.51,25.39,2021-10-06-16:37:19,758.51,True 
baseline_cold,25.76,25.51,25.39,2021-10-06-16:37:24,764.27,True 
baseline_cold,25.76,25.51,25.39,2021-10-06-16:37:30,769.94,True 
baseline_cold,25.76,25.57,25.39,2021-10-06-16:37:36,775.55,True 
baseline_cold,25.82,25.51,25.39,2021-10-06-16:37:41,781.22,True 
baseline_cold,25.76,25.51,25.39,2021-10-06-16:37:47,786.82,True 
baseline_cold,25.76,25.57,25.39,2021-10-06-16:37:52,792.43,True 
baseline_cold,25.82,25.51,25.39,2021-10-06-16:37:58,798.15,True 
baseline_cold,25.82,25.57,25.39,2021-10-06-16:38:04,803.83,True 
baseline_cold,25.82,25.57,25.39,2021-10-06-16:38:10,809.47,True 
baseline_cold,25.82,25.57,25.39,2021-10-06-16:38:15,815.14,True 
baseline_cold,25.82,25.57,25.39,2021-10-06-16:38:21,820.75,True 
baseline_cold,25.76,25.57,25.45,2021-10-06-16:38:26,826.43,True 
baseline_cold,25.82,25.51,25.39,2021-10-06-16:38:32,832.14,True 
baseline_cold,25.82,25.57,25.45,2021-10-06-16:38:38,837.79,True 
baseline_cold,25.82,25.57,25.45,2021-10-06-16:38:44,843.47,True 
baseline_cold,25.82,25.57,25.45,2021-10-06-16:38:49,849.14,True 
baseline_cold,25.82,25.57,25.45,2021-10-06-16:38:55,854.75,True 
baseline_cold,25.82,25.57,25.45,2021-10-06-16:39:00,860.43,True 
baseline_cold,25.82,25.57,25.45,2021-10-06-16:39:06,866.14,True 
baseline_cold,25.82,25.57,25.45,2021-10-06-16:39:12,871.79,True 
baseline_cold,25.82,25.64,25.45,2021-10-06-16:39:18,877.47,True 
baseline_cold,25.82,25.57,25.45,2021-10-06-16:39:23,883.14,True 
baseline_cold,25.82,25.57,25.45,2021-10-06-16:39:29,888.75,True 
baseline_cold,25.82,25.57,25.51,2021-10-06-16:39:34,894.43,True 
baseline_cold,25.82,25.64,25.45,2021-10-06-16:39:40,900.14,True 
baseline_cold,25.82,25.57,25.45,2021-10-06-16:39:46,905.86,True 
baseline_cold,25.89,25.64,25.45,2021-10-06-16:39:52,911.47,True 
baseline_cold,25.82,25.64,25.45,2021-10-06-16:39:57,917.15,True 
baseline_cold,25.82,25.64,25.45,2021-10-06-16:40:03,922.83,True 
baseline_cold,25.89,25.64,25.45,2021-10-06-16:40:09,928.51,True 
baseline_cold,25.89,25.64,25.51,2021-10-06-16:40:14,934.18,True 
baseline_cold,25.82,25.64,25.45,2021-10-06-16:40:20,939.78,True 
baseline_cold,25.89,25.64,25.51,2021-10-06-16:40:25,945.38,True 
baseline_cold,25.89,25.64,25.45,2021-10-06-16:40:31,950.99,True 
baseline_cold,25.89,25.64,25.51,2021-10-06-16:40:37,956.67,True 
baseline_cold,25.89,25.64,25.51,2021-10-06-16:40:42,962.35,True 
baseline_cold,25.89,25.64,25.45,2021-10-06-16:40:48,968.02,True 
baseline_cold,25.89,25.64,25.51,2021-10-06-16:40:54,973.63,True 
baseline_cold,25.89,25.64,25.51,2021-10-06-16:40:59,979.30,True 
baseline_cold,25.89,25.64,25.51,2021-10-06-16:41:05,984.91,True 
baseline_cold,25.89,25.64,25.51,2021-10-06-16:41:11,990.59,True 
baseline_cold,25.89,25.64,25.51,2021-10-06-16:41:16,996.26,True 
baseline_cold,25.89,25.64,25.51,2021-10-06-16:41:22,1001.86,True 
baseline_cold,25.89,25.64,25.51,2021-10-06-16:41:28,1007.47,True 
baseline_cold,25.89,25.64,25.51,2021-10-06-16:41:33,1013.15,True 
baseline_cold,25.89,25.64,25.51,2021-10-06-16:41:39,1018.83,True 
baseline_cold,25.89,25.64,25.51,2021-10-06-16:41:45,1024.51,True 
baseline_cold,25.89,25.64,25.51,2021-10-06-16:41:50,1030.18,True 
baseline_cold,25.89,25.64,25.51,2021-10-06-16:41:56,1035.78,True 
baseline_cold,25.89,25.64,25.51,2021-10-06-16:42:01,1041.39,True 
baseline_cold,25.89,25.70,25.51,2021-10-06-16:42:07,1047.07,True 
baseline_cold,25.89,25.70,25.51,2021-10-06-16:42:13,1052.75,True 
baseline_cold,25.89,25.70,25.51,2021-10-06-16:42:18,1058.43,True 
baseline_cold,25.89,25.70,25.51,2021-10-06-16:42:24,1064.14,True 
baseline_cold,25.89,25.64,25.51,2021-10-06-16:42:30,1069.79,True 
baseline_cold,25.89,25.70,25.57,2021-10-06-16:42:36,1075.47,True 
baseline_cold,25.89,25.70,25.57,2021-10-06-16:42:41,1081.14,True 
baseline_cold,25.89,25.70,25.57,2021-10-06-16:42:47,1086.75,True 
baseline_cold,25.89,25.70,25.57,2021-10-06-16:42:52,1092.43,True 
baseline_cold,25.89,25.70,25.57,2021-10-06-16:42:58,1098.10,True 
baseline_cold,25.89,25.70,25.57,2021-10-06-16:43:04,1103.71,True 
baseline_cold,25.95,25.70,25.57,2021-10-06-16:43:09,1109.39,True 
baseline_cold,25.89,25.70,25.57,2021-10-06-16:43:15,1115.06,True 
baseline_cold,25.95,25.70,25.57,2021-10-06-16:43:21,1120.67,True 
baseline_cold,25.95,25.70,25.57,2021-10-06-16:43:26,1126.35,True 
baseline_cold,25.95,25.70,25.57,2021-10-06-16:43:32,1132.02,True 
baseline_cold,25.95,25.70,25.57,2021-10-06-16:43:38,1137.63,True 
baseline_cold,25.95,25.70,25.57,2021-10-06-16:43:43,1143.31,True 
baseline_cold,25.89,25.70,25.57,2021-10-06-16:43:49,1148.99,True 
baseline_cold,25.95,25.70,25.57,2021-10-06-16:43:55,1154.67,True 
baseline_cold,25.95,25.70,25.57,2021-10-06-16:44:00,1160.35,True 
baseline_cold,25.89,25.70,25.57,2021-10-06-16:44:06,1166.03,True 
baseline_cold,25.95,25.70,25.57,2021-10-06-16:44:12,1171.71,True 
baseline_cold,25.95,25.70,25.57,2021-10-06-16:44:17,1177.39,True 
baseline_cold,25.89,25.70,25.57,2021-10-06-16:44:23,1183.06,True 
baseline_cold,25.95,25.70,25.57,2021-10-06-16:44:29,1188.67,True 
baseline_cold,25.89,25.76,25.57,2021-10-06-16:44:34,1194.35,True 
baseline_cold,25.95,25.70,25.57,2021-10-06-16:44:40,1200.03,True 
baseline_cold,25.95,25.76,25.57,2021-10-06-16:44:46,1205.71,True 
baseline_cold,25.95,25.70,25.57,2021-10-06-16:44:51,1211.39,True 
baseline_cold,25.95,25.70,25.57,2021-10-06-16:44:57,1217.06,True 
baseline_cold,25.95,25.70,25.57,2021-10-06-16:45:03,1222.67,True 
baseline_cold,25.95,25.76,25.57,2021-10-06-16:45:08,1228.35,True 
baseline_cold,25.95,25.76,25.57,2021-10-06-16:45:14,1234.03,True 
baseline_cold,25.95,25.76,25.64,2021-10-06-16:45:20,1239.71,True 
baseline_cold,25.95,25.70,25.64,2021-10-06-16:45:25,1245.40,True 
baseline_cold,25.95,25.76,25.57,2021-10-06-16:45:31,1251.06,True 
baseline_cold,25.95,25.76,25.57,2021-10-06-16:45:37,1256.71,True 
baseline_cold,25.95,25.76,25.64,2021-10-06-16:45:42,1262.35,True 
baseline_cold,25.95,25.76,25.64,2021-10-06-16:45:48,1268.02,True 
baseline_cold,25.95,25.76,25.64,2021-10-06-16:45:54,1273.63,True 
baseline_cold,25.95,25.76,25.64,2021-10-06-16:45:59,1279.30,True 
baseline_cold,25.95,25.76,25.64,2021-10-06-16:46:05,1284.91,True 
baseline_cold,25.95,25.76,25.64,2021-10-06-16:46:11,1290.59,True 
baseline_cold,25.95,25.76,25.64,2021-10-06-16:46:16,1296.26,True 
baseline_cold,25.95,25.76,25.64,2021-10-06-16:46:22,1301.87,True 
baseline_cold,25.95,25.76,25.64,2021-10-06-16:46:28,1307.55,True 
baseline_cold,25.95,25.76,25.64,2021-10-06-16:46:33,1313.22,True 
baseline_cold,25.95,25.76,25.64,2021-10-06-16:46:39,1318.83,True 
baseline_cold,25.95,25.76,25.64,2021-10-06-16:46:45,1324.51,True 
baseline_cold,25.95,25.76,25.64,2021-10-06-16:46:50,1330.18,True 
baseline_cold,25.95,25.76,25.64,2021-10-06-16:46:56,1335.79,True 
baseline_cold,25.95,25.76,25.64,2021-10-06-16:47:02,1341.47,True 
baseline_cold,25.95,25.76,25.64,2021-10-06-16:47:07,1347.14,True 
baseline_cold,25.95,25.76,25.64,2021-10-06-16:47:13,1352.75,True 
baseline_cold,25.95,25.76,25.64,2021-10-06-16:47:18,1358.43,True 
baseline_cold,25.95,25.76,25.64,2021-10-06-16:47:24,1364.11,True 
baseline_cold,25.95,25.76,25.64,2021-10-06-16:47:30,1369.78,True 
baseline_cold,25.95,25.76,25.64,2021-10-06-16:47:35,1375.39,True 
baseline_cold,25.95,25.76,25.64,2021-10-06-16:47:41,1381.07,True 
baseline_cold,25.95,25.76,25.64,2021-10-06-16:47:47,1386.75,True 
baseline_cold,25.95,25.76,25.64,2021-10-06-16:47:52,1392.43,True 
baseline_cold,25.95,25.76,25.64,2021-10-06-16:47:58,1398.14,True 
baseline_cold,26.01,25.76,25.64,2021-10-06-16:48:04,1403.79,True 
baseline_cold,26.01,25.76,25.70,2021-10-06-16:48:10,1409.47,True 
baseline_cold,26.01,25.82,25.70,2021-10-06-16:48:15,1415.15,True 
baseline_cold,26.01,25.82,25.70,2021-10-06-16:48:21,1420.83,True 
baseline_cold,26.01,25.76,25.70,2021-10-06-16:48:27,1426.51,True 
baseline_cold,26.01,25.82,25.76,2021-10-06-16:48:32,1432.18,True 
baseline_cold,26.07,25.82,25.76,2021-10-06-16:48:38,1437.79,True 
baseline_cold,26.07,25.76,25.76,2021-10-06-16:48:44,1443.47,True 
baseline_cold,26.07,25.82,25.76,2021-10-06-16:48:49,1449.14,True 
baseline_cold,26.07,25.82,25.82,2021-10-06-16:48:55,1454.75,True 
baseline_cold,26.07,25.82,25.76,2021-10-06-16:49:00,1460.43,True 
baseline_cold,26.07,25.82,25.76,2021-10-06-16:49:06,1466.14,True 
baseline_cold,26.07,25.82,25.76,2021-10-06-16:49:12,1471.79,True 
baseline_cold,26.07,25.82,25.76,2021-10-06-16:49:18,1477.47,True 
baseline_cold,26.07,25.82,25.76,2021-10-06-16:49:23,1483.14,True 
baseline_cold,26.07,25.82,25.76,2021-10-06-16:49:29,1488.75,True 
baseline_cold,26.07,25.82,25.76,2021-10-06-16:49:34,1494.43,True 
baseline_cold,26.01,25.82,25.82,2021-10-06-16:49:40,1500.10,True 
baseline_cold,26.01,25.82,25.76,2021-10-06-16:49:46,1505.71,True 
baseline_cold,26.01,25.82,25.76,2021-10-06-16:49:51,1511.39,True 
baseline_cold,26.01,25.82,25.76,2021-10-06-16:49:57,1517.06,True 
baseline_cold,26.01,25.89,25.76,2021-10-06-16:50:03,1522.67,True 
baseline_cold,26.01,25.82,25.76,2021-10-06-16:50:08,1528.35,True 
baseline_cold,26.01,25.82,25.76,2021-10-06-16:50:14,1534.03,True 
baseline_cold,26.01,25.82,25.76,2021-10-06-16:50:20,1539.71,True 
baseline_cold,26.01,25.82,25.76,2021-10-06-16:50:25,1545.39,True 
baseline_cold,25.95,25.82,25.76,2021-10-06-16:50:31,1551.06,True 
baseline_cold,26.01,25.82,25.76,2021-10-06-16:50:37,1556.67,True 
baseline_cold,25.95,25.82,25.76,2021-10-06-16:50:42,1562.35,True 
baseline_cold,25.95,25.82,25.76,2021-10-06-16:50:48,1568.03,True 
baseline_cold,25.95,25.82,25.76,2021-10-06-16:50:54,1573.71,True 
baseline_cold,25.95,25.82,25.70,2021-10-06-16:50:59,1579.39,True 
baseline_cold,25.95,25.82,25.76,2021-10-06-16:51:05,1585.06,True 
baseline_cold,25.95,25.82,25.70,2021-10-06-16:51:11,1590.67,True 
baseline_cold,25.95,25.82,25.70,2021-10-06-16:51:16,1596.35,True 
baseline_cold,25.95,25.89,25.70,2021-10-06-16:51:22,1602.03,True 
baseline_cold,25.95,25.82,25.70,2021-10-06-16:51:28,1607.71,True 
baseline_cold,25.95,25.82,25.70,2021-10-06-16:51:33,1613.39,True 
baseline_cold,25.89,25.89,25.70,2021-10-06-16:51:39,1619.06,True 
baseline_cold,25.89,25.82,25.70,2021-10-06-16:51:45,1624.67,True 
baseline_cold,25.89,25.82,25.70,2021-10-06-16:51:50,1630.34,True 
baseline_cold,25.89,25.82,25.70,2021-10-06-16:51:56,1635.95,True 
baseline_cold,25.89,25.82,25.70,2021-10-06-16:52:02,1641.63,True 
baseline_cold,25.89,25.82,25.64,2021-10-06-16:52:07,1647.30,True 
baseline_cold,25.89,25.82,25.70,2021-10-06-16:52:13,1652.91,True 
baseline_cold,25.82,25.82,25.64,2021-10-06-16:52:19,1658.59,True 
baseline_cold,25.82,25.82,25.64,2021-10-06-16:52:24,1664.26,True 
baseline_cold,25.82,25.82,25.64,2021-10-06-16:52:30,1669.91,True 
baseline_cold,25.82,25.82,25.64,2021-10-06-16:52:36,1675.63,True 
baseline_cold,25.82,25.82,25.64,2021-10-06-16:52:41,1681.30,True 
baseline_cold,25.76,25.82,25.64,2021-10-06-16:52:47,1686.91,True 
baseline_cold,25.82,25.82,25.64,2021-10-06-16:52:53,1692.59,True 
baseline_cold,25.82,25.82,25.57,2021-10-06-16:52:58,1698.26,True 
baseline_cold,25.82,25.82,25.57,2021-10-06-16:53:04,1703.86,True 
baseline_cold,25.82,25.82,25.64,2021-10-06-16:53:10,1709.51,True 
baseline_cold,25.82,25.76,25.57,2021-10-06-16:53:15,1715.15,True 
baseline_cold,25.76,25.82,25.57,2021-10-06-16:53:21,1720.83,True 
baseline_cold,25.76,25.82,25.57,2021-10-06-16:53:27,1726.51,True 
baseline_cold,25.76,25.82,25.57,2021-10-06-16:53:32,1732.19,True 
baseline_cold,25.76,25.76,25.57,2021-10-06-16:53:38,1737.87,True 
baseline_cold,25.76,25.76,25.57,2021-10-06-16:53:44,1743.55,True 
baseline_cold,25.76,25.76,25.57,2021-10-06-16:53:49,1749.23,True 
baseline_cold,25.76,25.76,25.57,2021-10-06-16:53:55,1754.91,True 
baseline_cold,25.70,25.76,25.57,2021-10-06-16:54:01,1760.59,True 
baseline_cold,25.76,25.76,25.57,2021-10-06-16:54:06,1766.27,True 
baseline_cold,25.70,25.76,25.57,2021-10-06-16:54:12,1771.95,True 
baseline_cold,25.70,25.76,25.57,2021-10-06-16:54:18,1777.63,True 
baseline_cold,25.76,25.76,25.51,2021-10-06-16:54:23,1783.31,True 
baseline_cold,25.76,25.76,25.57,2021-10-06-16:54:29,1788.98,True 
baseline_cold,25.70,25.76,25.51,2021-10-06-16:54:35,1794.59,True 
baseline_cold,25.70,25.76,25.51,2021-10-06-16:54:40,1800.27,True 
baseline_cold,25.70,25.70,25.51,2021-10-06-16:54:46,1805.95,True 
baseline_cold,25.70,25.76,25.51,2021-10-06-16:54:52,1811.63,True 
baseline_cold,25.70,25.76,25.51,2021-10-06-16:54:57,1817.31,True 
baseline_cold,25.70,25.70,25.51,2021-10-06-16:55:03,1822.98,True 
baseline_cold,25.70,25.70,25.51,2021-10-06-16:55:09,1828.59,True 
baseline_cold,25.70,25.70,25.51,2021-10-06-16:55:14,1834.27,True 
baseline_cold,25.70,25.70,25.45,2021-10-06-16:55:20,1839.95,True 
baseline_cold,25.70,25.70,25.45,2021-10-06-16:55:26,1845.63,True 
baseline_cold,25.70,25.70,25.45,2021-10-06-16:55:31,1851.30,True 
baseline_cold,25.64,25.70,25.45,2021-10-06-16:55:37,1856.90,True 
baseline_cold,25.70,25.70,25.45,2021-10-06-16:55:43,1862.51,True 
baseline_cold,25.70,25.70,25.45,2021-10-06-16:55:48,1868.18,True 
baseline_cold,25.70,25.70,25.45,2021-10-06-16:55:54,1873.79,True 
baseline_cold,25.70,25.70,25.45,2021-10-06-16:56:00,1879.55,True 
baseline_cold,25.70,25.70,25.39,2021-10-06-16:56:05,1885.22,True 
baseline_cold,25.64,25.70,25.45,2021-10-06-16:56:11,1890.83,True 
baseline_cold,25.64,25.70,25.39,2021-10-06-16:56:17,1896.51,True 
baseline_cold,25.64,25.70,25.39,2021-10-06-16:56:22,1902.19,True 
baseline_cold,25.64,25.70,25.39,2021-10-06-16:56:28,1907.87,True 
baseline_cold,25.64,25.64,25.39,2021-10-06-16:56:34,1913.55,True 
baseline_cold,25.64,25.64,25.39,2021-10-06-16:56:39,1919.22,True 
baseline_cold,25.64,25.64,25.39,2021-10-06-16:56:45,1924.83,True 
baseline_cold,25.64,25.64,25.39,2021-10-06-16:56:51,1930.51,True 
baseline_cold,25.64,25.64,25.39,2021-10-06-16:56:56,1936.19,True 
baseline_cold,25.64,25.64,25.39,2021-10-06-16:57:02,1941.87,True 
baseline_cold,25.64,25.64,25.39,2021-10-06-16:57:08,1947.55,True 
baseline_cold,25.64,25.64,25.39,2021-10-06-16:57:13,1953.22,True 
baseline_cold,25.57,25.64,25.39,2021-10-06-16:57:19,1958.83,True 
baseline_cold,25.64,25.64,25.39,2021-10-06-16:57:25,1964.51,True 
baseline_cold,25.57,25.64,25.39,2021-10-06-16:57:30,1970.18,True 
baseline_cold,25.64,25.64,25.39,2021-10-06-16:57:36,1975.79,True 
baseline_cold,25.57,25.64,25.39,2021-10-06-16:57:42,1981.47,True 
baseline_cold,25.57,25.64,25.39,2021-10-06-16:57:47,1987.15,True 
baseline_cold,25.57,25.64,25.39,2021-10-06-16:57:53,1992.83,True 
baseline_cold,25.57,25.64,25.39,2021-10-06-16:57:59,1998.51,True 
baseline_cold,25.57,25.64,25.32,2021-10-06-16:58:04,2004.18,True 
baseline_cold,25.57,25.57,25.39,2021-10-06-16:58:10,2009.78,True 
baseline_cold,25.57,25.64,25.32,2021-10-06-16:58:15,2015.39,True 
baseline_cold,25.57,25.57,25.32,2021-10-06-16:58:21,2021.07,True 
baseline_cold,25.57,25.57,25.32,2021-10-06-16:58:27,2026.75,True 
baseline_cold,25.57,25.57,25.32,2021-10-06-16:58:32,2032.43,True 
baseline_cold,25.57,25.57,25.32,2021-10-06-16:58:38,2038.14,True 
baseline_cold,25.57,25.57,25.32,2021-10-06-16:58:44,2043.79,True 
baseline_cold,25.57,25.57,25.32,2021-10-06-16:58:50,2049.47,True 
baseline_cold,25.57,25.57,25.32,2021-10-06-16:58:55,2055.15,True 
baseline_cold,25.57,25.57,25.26,2021-10-06-16:59:01,2060.83,True 
baseline_cold,25.57,25.57,25.32,2021-10-06-16:59:07,2066.51,True 
baseline_cold,25.57,25.57,25.32,2021-10-06-16:59:12,2072.18,True 
baseline_cold,25.57,25.57,25.26,2021-10-06-16:59:18,2077.79,True 
baseline_cold,25.57,25.57,25.26,2021-10-06-16:59:24,2083.47,True 
baseline_cold,25.51,25.57,25.26,2021-10-06-16:59:29,2089.14,True 
baseline_cold,25.51,25.57,25.26,2021-10-06-16:59:35,2094.75,True 
baseline_cold,25.51,25.57,25.26,2021-10-06-16:59:40,2100.43,True 
baseline_cold,25.57,25.57,25.26,2021-10-06-16:59:46,2106.15,True 
baseline_cold,25.57,25.57,25.26,2021-10-06-16:59:52,2111.79,True 
baseline_cold,25.51,25.57,25.26,2021-10-06-16:59:58,2117.47,True 
baseline_cold,25.51,25.51,25.26,2021-10-06-17:00:03,2123.14,True 
baseline_cold,25.51,25.51,25.26,2021-10-06-17:00:09,2128.75,True 
baseline_cold,25.51,25.57,25.26,2021-10-06-17:00:14,2134.43,True 
baseline_cold,25.51,25.57,25.26,2021-10-06-17:00:20,2140.15,True 
baseline_cold,25.51,25.51,25.26,2021-10-06-17:00:26,2145.79,True 
baseline_cold,25.51,25.51,25.26,2021-10-06-17:00:32,2151.47,True 
baseline_cold,25.51,25.51,25.20,2021-10-06-17:00:37,2157.14,True 
baseline_cold,25.51,25.57,25.20,2021-10-06-17:00:43,2162.75,True 
baseline_cold,25.51,25.51,25.20,2021-10-06-17:00:48,2168.43,True 
baseline_cold,25.51,25.51,25.20,2021-10-06-17:00:54,2174.11,True 
baseline_cold,25.51,25.51,25.20,2021-10-06-17:01:00,2179.79,True 
baseline_cold,25.51,25.51,25.20,2021-10-06-17:01:06,2185.47,True 
baseline_cold,25.51,25.51,25.20,2021-10-06-17:01:11,2191.14,True 
baseline_cold,25.51,25.51,25.14,2021-10-06-17:01:17,2196.75,True 
baseline_cold,25.51,25.51,25.20,2021-10-06-17:01:22,2202.42,True 
baseline_cold,25.45,25.51,25.20,2021-10-06-17:01:28,2208.10,True 
baseline_cold,25.51,25.51,25.20,2021-10-06-17:01:34,2213.71,True 
baseline_cold,25.45,25.51,25.20,2021-10-06-17:01:39,2219.39,True 
baseline_cold,25.45,25.51,25.20,2021-10-06-17:01:45,2225.06,True 
baseline_cold,25.45,25.51,25.20,2021-10-06-17:01:51,2230.67,True 
baseline_cold,25.51,25.45,25.14,2021-10-06-17:01:56,2236.35,True 
baseline_cold,25.51,25.51,25.14,2021-10-06-17:02:02,2242.03,True 
baseline_cold,25.45,25.51,25.14,2021-10-06-17:02:08,2247.75,True 
baseline_cold,25.45,25.51,25.20,2021-10-06-17:02:13,2253.39,True 
baseline_cold,25.51,25.51,25.20,2021-10-06-17:02:19,2259.06,True 
baseline_cold,25.45,25.51,25.14,2021-10-06-17:02:25,2264.71,True 
baseline_cold,25.45,25.45,25.20,2021-10-06-17:02:30,2270.42,True 
baseline_cold,25.51,25.51,25.20,2021-10-06-17:02:36,2276.03,True 
baseline_cold,25.51,25.51,25.14,2021-10-06-17:02:42,2281.71,True 
baseline_cold,25.51,25.51,25.20,2021-10-06-17:02:47,2287.39,True 
baseline_cold,25.51,25.45,25.20,2021-10-06-17:02:53,2293.07,True 
baseline_cold,25.51,25.45,25.20,2021-10-06-17:02:59,2298.75,True 
baseline_cold,25.51,25.45,25.20,2021-10-06-17:03:04,2304.43,True 
baseline_cold,25.51,25.45,25.20,2021-10-06-17:03:10,2310.10,True 
baseline_cold,25.51,25.51,25.20,2021-10-06-17:03:16,2315.70,True 
baseline_cold,25.51,25.45,25.20,2021-10-06-17:03:21,2321.31,True 
baseline_cold,25.51,25.45,25.20,2021-10-06-17:03:27,2326.99,True 
baseline_cold,25.51,25.51,25.20,2021-10-06-17:03:33,2332.67,True 
baseline_cold,25.57,25.45,25.26,2021-10-06-17:03:38,2338.35,True 
baseline_cold,25.57,25.45,25.26,2021-10-06-17:03:44,2344.02,True 
baseline_cold,25.57,25.45,25.26,2021-10-06-17:03:50,2349.62,True 
baseline_cold,25.57,25.45,25.26,2021-10-06-17:03:55,2355.22,True 
baseline_cold,25.57,25.45,25.26,2021-10-06-17:04:01,2360.83,True 
baseline_cold,25.57,25.45,25.26,2021-10-06-17:04:07,2366.51,True 
baseline_cold,25.57,25.45,25.26,2021-10-06-17:04:12,2372.18,True 
baseline_cold,25.64,25.45,25.26,2021-10-06-17:04:18,2377.78,True 
baseline_cold,25.64,25.51,25.26,2021-10-06-17:04:23,2383.39,True 
baseline_cold,25.64,25.45,25.26,2021-10-06-17:04:29,2389.07,True 
baseline_cold,25.64,25.45,25.26,2021-10-06-17:04:35,2394.75,True 
baseline_cold,25.64,25.45,25.26,2021-10-06-17:04:40,2400.43,True 
baseline_cold,25.64,25.45,25.26,2021-10-06-17:04:46,2406.10,True 
baseline_cold,25.64,25.45,25.26,2021-10-06-17:04:52,2411.71,True 
baseline_cold,25.64,25.45,25.32,2021-10-06-17:04:57,2417.38,True 
baseline_cold,25.70,25.51,25.32,2021-10-06-17:05:03,2422.99,True 
baseline_cold,25.70,25.45,25.32,2021-10-06-17:05:09,2428.67,True 
baseline_cold,25.70,25.45,25.32,2021-10-06-17:05:14,2434.34,True 
baseline_cold,25.70,25.51,25.32,2021-10-06-17:05:20,2439.94,True 
baseline_cold,25.70,25.51,25.32,2021-10-06-17:05:26,2445.55,True 
baseline_cold,25.70,25.51,25.32,2021-10-06-17:05:31,2451.23,True 
baseline_cold,25.70,25.51,25.32,2021-10-06-17:05:37,2456.91,True 
baseline_cold,25.70,25.51,25.32,2021-10-06-17:05:43,2462.59,True 
baseline_cold,25.70,25.51,25.32,2021-10-06-17:05:48,2468.26,True 
baseline_cold,25.70,25.51,25.32,2021-10-06-17:05:54,2473.87,True 
baseline_cold,25.70,25.51,25.32,2021-10-06-17:06:00,2479.55,True 
baseline_cold,25.76,25.51,25.32,2021-10-06-17:06:05,2485.23,True 
baseline_cold,25.76,25.51,25.32,2021-10-06-17:06:11,2490.91,True 
baseline_cold,25.76,25.51,25.39,2021-10-06-17:06:17,2496.59,True 
baseline_cold,25.76,25.51,25.32,2021-10-06-17:06:22,2502.27,True 
baseline_cold,25.76,25.51,25.32,2021-10-06-17:06:28,2507.94,True 
baseline_cold,25.76,25.51,25.32,2021-10-06-17:06:34,2513.55,True 
baseline_cold,25.76,25.51,25.39,2021-10-06-17:06:39,2519.27,True 
baseline_cold,25.76,25.51,25.39,2021-10-06-17:06:45,2524.91,True 
baseline_cold,25.76,25.51,25.39,2021-10-06-17:06:51,2530.59,True 
baseline_cold,25.76,25.57,25.39,2021-10-06-17:06:56,2536.26,True 
baseline_cold,25.76,25.57,25.39,2021-10-06-17:07:02,2541.87,True 
baseline_cold,25.76,25.51,25.39,2021-10-06-17:07:08,2547.55,True 
baseline_cold,25.76,25.57,25.39,2021-10-06-17:07:13,2553.22,True 
baseline_cold,25.82,25.57,25.39,2021-10-06-17:07:19,2558.83,True 
baseline_cold,25.76,25.57,25.39,2021-10-06-17:07:25,2564.51,True 
baseline_cold,25.82,25.57,25.39,2021-10-06-17:07:30,2570.18,True 
baseline_cold,25.82,25.57,25.39,2021-10-06-17:07:36,2575.87,True 
baseline_cold,25.76,25.57,25.39,2021-10-06-17:07:42,2581.55,True 
baseline_cold,25.82,25.57,25.39,2021-10-06-17:07:47,2587.22,True 
baseline_cold,25.82,25.57,25.39,2021-10-06-17:07:53,2592.82,True 
baseline_cold,25.82,25.57,25.39,2021-10-06-17:07:58,2598.43,True 
baseline_cold,25.82,25.57,25.45,2021-10-06-17:08:04,2604.11,True 
baseline_cold,25.82,25.57,25.45,2021-10-06-17:08:10,2609.79,True 
baseline_cold,25.82,25.64,25.45,2021-10-06-17:08:16,2615.47,True 
baseline_cold,25.82,25.64,25.45,2021-10-06-17:08:21,2621.14,True 
baseline_cold,25.82,25.57,25.45,2021-10-06-17:08:27,2626.74,True 
baseline_cold,25.82,25.57,25.45,2021-10-06-17:08:32,2632.35,True 
baseline_cold,25.82,25.57,25.45,2021-10-06-17:08:38,2638.03,True 
baseline_cold,25.82,25.57,25.45,2021-10-06-17:08:44,2643.71,True 
baseline_cold,25.82,25.64,25.45,2021-10-06-17:08:49,2649.39,True 
baseline_cold,25.82,25.57,25.45,2021-10-06-17:08:55,2655.06,True 
baseline_cold,25.82,25.57,25.45,2021-10-06-17:09:01,2660.67,True 
baseline_cold,25.82,25.57,25.45,2021-10-06-17:09:06,2666.34,True 
baseline_cold,25.82,25.64,25.45,2021-10-06-17:09:12,2671.95,True 
baseline_cold,25.82,25.57,25.45,2021-10-06-17:09:18,2677.63,True 
baseline_cold,25.82,25.64,25.45,2021-10-06-17:09:23,2683.31,True 
baseline_cold,25.82,25.64,25.45,2021-10-06-17:09:29,2688.98,True 
baseline_cold,25.82,25.64,25.45,2021-10-06-17:09:35,2694.63,True 
baseline_cold,25.82,25.64,25.45,2021-10-06-17:09:40,2700.27,True 
baseline_cold,25.82,25.64,25.45,2021-10-06-17:09:46,2705.95,True 
baseline_cold,25.82,25.64,25.45,2021-10-06-17:09:52,2711.63,True 
baseline_cold,25.82,25.64,25.45,2021-10-06-17:09:57,2717.31,True 
baseline_cold,25.89,25.64,25.45,2021-10-06-17:10:03,2722.99,True 
baseline_cold,25.82,25.64,25.51,2021-10-06-17:10:09,2728.67,True 
baseline_cold,25.89,25.64,25.51,2021-10-06-17:10:14,2734.35,True 
baseline_cold,25.89,25.64,25.51,2021-10-06-17:10:20,2740.02,True 
baseline_cold,25.89,25.64,25.51,2021-10-06-17:10:26,2745.62,True 
baseline_cold,25.82,25.64,25.51,2021-10-06-17:10:31,2751.22,True 
baseline_cold,25.89,25.64,25.51,2021-10-06-17:10:37,2756.90,True 
baseline_cold,25.89,25.64,25.51,2021-10-06-17:10:43,2762.58,True 
baseline_cold,25.89,25.64,25.51,2021-10-06-17:10:49,2768.94,True 
baseline_cold,25.89,25.64,25.51,2021-10-06-17:10:55,2774.58,True 
baseline_cold,25.89,25.64,25.51,2021-10-06-17:11:00,2780.28,True 
baseline_cold,25.89,25.64,25.51,2021-10-06-17:11:06,2785.95,True 
baseline_cold,25.89,25.64,25.51,2021-10-06-17:11:12,2791.63,True 
baseline_cold,25.89,25.64,25.51,2021-10-06-17:11:17,2797.31,True 
baseline_cold,25.89,25.70,25.51,2021-10-06-17:11:23,2802.98,True 
baseline_cold,25.89,25.64,25.51,2021-10-06-17:11:29,2808.59,True 
baseline_cold,25.89,25.70,25.51,2021-10-06-17:11:34,2814.26,True 
baseline_cold,25.89,25.70,25.51,2021-10-06-17:11:40,2819.87,True 
baseline_cold,25.89,25.70,25.51,2021-10-06-17:11:46,2825.55,True 
baseline_cold,25.89,25.70,25.51,2021-10-06-17:11:51,2831.22,True 
baseline_cold,25.89,25.70,25.51,2021-10-06-17:11:57,2836.83,True 
baseline_cold,25.89,25.70,25.51,2021-10-06-17:12:03,2842.51,True 
baseline_cold,25.89,25.70,25.51,2021-10-06-17:12:08,2848.18,True 
baseline_cold,25.89,25.70,25.51,2021-10-06-17:12:14,2853.79,True 
baseline_cold,25.89,25.70,25.57,2021-10-06-17:12:20,2859.47,True 
baseline_cold,25.89,25.70,25.57,2021-10-06-17:12:25,2865.15,True 
baseline_cold,25.89,25.70,25.51,2021-10-06-17:12:31,2870.83,True 
baseline_cold,25.89,25.70,25.57,2021-10-06-17:12:37,2876.51,True 
baseline_cold,25.89,25.70,25.57,2021-10-06-17:12:42,2882.19,True 
baseline_cold,25.89,25.70,25.57,2021-10-06-17:12:48,2887.87,True 
baseline_cold,25.95,25.70,25.57,2021-10-06-17:12:54,2893.55,True 
baseline_cold,25.89,25.70,25.51,2021-10-06-17:12:59,2899.23,True 
baseline_cold,25.89,25.70,25.57,2021-10-06-17:13:05,2904.91,True 
baseline_cold,25.89,25.70,25.57,2021-10-06-17:13:11,2910.59,True 
baseline_cold,25.89,25.70,25.57,2021-10-06-17:13:16,2916.26,True 
baseline_cold,25.89,25.70,25.57,2021-10-06-17:13:22,2921.87,True 
baseline_cold,25.89,25.70,25.57,2021-10-06-17:13:28,2927.55,True 
baseline_cold,25.89,25.70,25.57,2021-10-06-17:13:33,2933.23,True 
baseline_cold,25.89,25.70,25.57,2021-10-06-17:13:39,2938.91,True 
baseline_cold,25.89,25.70,25.57,2021-10-06-17:13:45,2944.59,True 
baseline_cold,25.95,25.70,25.57,2021-10-06-17:13:50,2950.26,True 
baseline_cold,25.95,25.70,25.57,2021-10-06-17:13:56,2955.87,True 
baseline_cold,25.95,25.70,25.57,2021-10-06-17:14:02,2961.55,True 
baseline_cold,25.89,25.76,25.57,2021-10-06-17:14:07,2967.22,True 
baseline_cold,25.95,25.70,25.57,2021-10-06-17:14:13,2972.83,True 
baseline_cold,25.95,25.70,25.57,2021-10-06-17:14:19,2978.51,True 
baseline_cold,25.95,25.76,25.64,2021-10-06-17:14:24,2984.18,True 
baseline_cold,25.95,25.76,25.57,2021-10-06-17:14:30,2989.79,True 
baseline_cold,25.89,25.76,25.57,2021-10-06-17:14:36,2995.47,True 
baseline_cold,25.95,25.70,25.57,2021-10-06-17:14:41,3001.14,True 
baseline_cold,25.95,25.76,25.64,2021-10-06-17:14:47,3006.82,True 
baseline_cold,25.95,25.76,25.64,2021-10-06-17:14:52,3012.43,True 
baseline_cold,25.95,25.76,25.57,2021-10-06-17:14:58,3018.14,True 
baseline_cold,25.95,25.76,25.64,2021-10-06-17:15:04,3023.79,True 
baseline_cold,25.95,25.76,25.57,2021-10-06-17:15:10,3029.47,True 
baseline_cold,25.95,25.76,25.64,2021-10-06-17:15:15,3035.14,True 
baseline_cold,25.89,25.76,25.64,2021-10-06-17:15:21,3040.75,True 
baseline_cold,25.95,25.76,25.64,2021-10-06-17:15:26,3046.43,True 
baseline_cold,25.95,25.76,25.64,2021-10-06-17:15:32,3052.10,True 
baseline_cold,25.95,25.76,25.64,2021-10-06-17:15:38,3057.71,True 
baseline_cold,25.95,25.76,25.64,2021-10-06-17:15:43,3063.39,True 
baseline_cold,25.95,25.76,25.64,2021-10-06-17:15:49,3069.06,True 
baseline_cold,25.95,25.76,25.64,2021-10-06-17:15:55,3074.67,True 
baseline_cold,25.95,25.76,25.64,2021-10-06-17:16:00,3080.35,True 
baseline_cold,25.95,25.76,25.64,2021-10-06-17:16:06,3086.09,True 
baseline_cold,25.95,25.76,25.64,2021-10-06-17:16:12,3091.76,True 
baseline_cold,25.95,25.76,25.64,2021-10-06-17:16:17,3097.44,True 
baseline_cold,25.95,25.76,25.64,2021-10-06-17:16:23,3103.06,True 
baseline_cold,25.95,25.76,25.64,2021-10-06-17:16:29,3109.38,True 
baseline_cold,25.95,25.76,25.64,2021-10-06-17:16:35,3114.98,True 
baseline_cold,25.95,25.76,25.64,2021-10-06-17:16:41,3120.59,True 
baseline_cold,25.95,25.76,25.64,2021-10-06-17:16:46,3126.26,True 
baseline_cold,25.95,25.76,25.64,2021-10-06-17:16:52,3131.87,True 
baseline_cold,25.95,25.76,25.64,2021-10-06-17:16:58,3137.55,True 
baseline_cold,25.95,25.76,25.64,2021-10-06-17:17:03,3143.22,True 
baseline_cold,25.95,25.76,25.64,2021-10-06-17:17:09,3148.83,True 
baseline_cold,25.95,25.76,25.64,2021-10-06-17:17:15,3154.51,True 
baseline_cold,25.95,25.76,25.64,2021-10-06-17:17:20,3160.22,True 
baseline_cold,25.95,25.76,25.64,2021-10-06-17:17:26,3165.87,True 
baseline_cold,25.95,25.76,25.64,2021-10-06-17:17:32,3171.55,True 
baseline_cold,25.95,25.76,25.64,2021-10-06-17:17:37,3177.22,True 
baseline_cold,25.95,25.76,25.64,2021-10-06-17:17:43,3182.83,True 
baseline_cold,25.95,25.76,25.64,2021-10-06-17:17:49,3188.51,True 
baseline_cold,25.95,25.76,25.64,2021-10-06-17:17:54,3194.18,True 
baseline_cold,25.95,25.76,25.64,2021-10-06-17:18:00,3199.79,True 
baseline_cold,25.95,25.76,25.64,2021-10-06-17:18:06,3205.47,True 
baseline_cold,25.95,25.76,25.70,2021-10-06-17:18:11,3211.14,True 
baseline_cold,25.95,25.76,25.64,2021-10-06-17:18:17,3216.75,True 
baseline_cold,25.95,25.76,25.64,2021-10-06-17:18:22,3222.43,True 
baseline_cold,25.95,25.76,25.64,2021-10-06-17:18:28,3228.14,True 
baseline_cold,25.95,25.82,25.64,2021-10-06-17:18:34,3233.79,True 
baseline_cold,26.01,25.82,25.70,2021-10-06-17:18:40,3239.47,True 
baseline_cold,26.01,25.76,25.70,2021-10-06-17:18:45,3245.14,True 
baseline_cold,26.01,25.76,25.70,2021-10-06-17:18:51,3250.75,True 
baseline_cold,26.01,25.82,25.76,2021-10-06-17:18:56,3256.43,True 
baseline_cold,26.01,25.82,25.76,2021-10-06-17:19:02,3262.11,True 
baseline_cold,26.01,25.82,25.76,2021-10-06-17:19:08,3267.79,True 
baseline_cold,26.01,25.82,25.76,2021-10-06-17:19:14,3273.47,True 
baseline_cold,26.07,25.82,25.82,2021-10-06-17:19:19,3279.14,True 
baseline_cold,26.07,25.82,25.82,2021-10-06-17:19:25,3284.75,True 
baseline_cold,26.07,25.82,25.82,2021-10-06-17:19:30,3290.42,True 
baseline_cold,26.07,25.82,25.82,2021-10-06-17:19:36,3296.03,True 
baseline_cold,26.01,25.82,25.82,2021-10-06-17:19:42,3301.71,True 
baseline_cold,26.01,25.82,25.82,2021-10-06-17:19:47,3307.39,True 
baseline_cold,26.01,25.82,25.76,2021-10-06-17:19:53,3313.14,True 
baseline_cold,26.01,25.82,25.82,2021-10-06-17:19:59,3318.75,True 
baseline_cold,26.07,25.82,25.82,2021-10-06-17:20:04,3324.43,True 
baseline_cold,26.01,25.82,25.82,2021-10-06-17:20:10,3330.14,True 
baseline_cold,26.01,25.82,25.76,2021-10-06-17:20:16,3335.79,True 
baseline_cold,26.01,25.82,25.82,2021-10-06-17:20:22,3341.46,True 
baseline_cold,26.01,25.82,25.82,2021-10-06-17:20:27,3347.07,True 
baseline_cold,26.01,25.89,25.76,2021-10-06-17:20:33,3352.75,True 
baseline_cold,26.01,25.82,25.82,2021-10-06-17:20:38,3358.43,True 
baseline_cold,26.01,25.82,25.76,2021-10-06-17:20:44,3364.10,True 
baseline_cold,26.01,25.82,25.76,2021-10-06-17:20:50,3369.71,True 
baseline_cold,25.95,25.89,25.76,2021-10-06-17:20:55,3375.46,True 
baseline_cold,25.95,25.82,25.76,2021-10-06-17:21:01,3381.07,True 
baseline_cold,25.95,25.82,25.76,2021-10-06-17:21:07,3386.75,True 
baseline_cold,25.95,25.82,25.76,2021-10-06-17:21:12,3392.43,True 
baseline_cold,25.95,25.82,25.76,2021-10-06-17:21:18,3398.10,True 
baseline_cold,25.89,25.82,25.76,2021-10-06-17:21:24,3403.71,True 
baseline_cold,25.89,25.82,25.70,2021-10-06-17:21:29,3409.38,True 
baseline_cold,25.95,25.82,25.70,2021-10-06-17:21:35,3414.99,True 
baseline_cold,25.89,25.82,25.70,2021-10-06-17:21:41,3420.67,True 
baseline_cold,25.89,25.82,25.70,2021-10-06-17:21:46,3426.35,True 
baseline_cold,25.89,25.82,25.70,2021-10-06-17:21:52,3432.03,True 
baseline_cold,25.89,25.82,25.70,2021-10-06-17:21:58,3437.71,True 
baseline_cold,25.89,25.82,25.70,2021-10-06-17:22:03,3443.38,True 
baseline_cold,25.89,25.82,25.70,2021-10-06-17:22:09,3448.99,True 
baseline_cold,25.89,25.82,25.70,2021-10-06-17:22:15,3454.67,True 
baseline_cold,25.82,25.82,25.70,2021-10-06-17:22:20,3460.34,True 
baseline_cold,25.82,25.82,25.64,2021-10-06-17:22:26,3465.94,True 
baseline_cold,25.82,25.82,25.64,2021-10-06-17:22:32,3471.55,True 
baseline_cold,25.89,25.82,25.64,2021-10-06-17:22:37,3477.23,True 
baseline_cold,25.89,25.82,25.64,2021-10-06-17:22:43,3482.91,True 
baseline_cold,25.82,25.82,25.64,2021-10-06-17:22:49,3488.59,True 
baseline_cold,25.82,25.82,25.64,2021-10-06-17:22:54,3494.26,True 
baseline_cold,25.82,25.82,25.64,2021-10-06-17:23:00,3499.87,True 
baseline_cold,25.82,25.82,25.64,2021-10-06-17:23:06,3505.55,True 
baseline_cold,25.82,25.82,25.64,2021-10-06-17:23:11,3511.23,True 
baseline_cold,25.82,25.82,25.57,2021-10-06-17:23:17,3516.91,True 
baseline_cold,25.82,25.82,25.57,2021-10-06-17:23:23,3522.59,True 
baseline_cold,25.76,25.82,25.57,2021-10-06-17:23:28,3528.26,True 
baseline_cold,25.76,25.76,25.57,2021-10-06-17:23:34,3533.87,True 
baseline_cold,25.82,25.76,25.57,2021-10-06-17:23:40,3539.55,True 
baseline_cold,25.82,25.82,25.57,2021-10-06-17:23:45,3545.22,True 
baseline_cold,25.76,25.76,25.57,2021-10-06-17:23:51,3550.83,True 
baseline_cold,25.76,25.76,25.57,2021-10-06-17:23:57,3556.51,True 
baseline_cold,25.76,25.76,25.57,2021-10-06-17:24:02,3562.18,True 
baseline_cold,25.76,25.76,25.51,2021-10-06-17:24:08,3567.79,True 
baseline_cold,25.76,25.76,25.51,2021-10-06-17:24:14,3573.47,True 
baseline_cold,25.76,25.76,25.57,2021-10-06-17:24:19,3579.14,True 
baseline_cold,25.76,25.76,25.51,2021-10-06-17:24:25,3584.75,True 
baseline_cold,25.70,25.76,25.51,2021-10-06-17:24:31,3590.50,True 
baseline_cold,25.70,25.76,25.51,2021-10-06-17:24:36,3596.15,True 
baseline_cold,25.70,25.76,25.51,2021-10-06-17:24:42,3601.79,True 
baseline_cold,25.70,25.76,25.51,2021-10-06-17:24:48,3607.47,True 
baseline_cold,25.70,25.76,25.51,2021-10-06-17:24:53,3613.15,True 
baseline_cold,25.70,25.76,25.51,2021-10-06-17:24:59,3618.82,True 
baseline_cold,25.70,25.76,25.45,2021-10-06-17:25:04,3624.43,True 
baseline_cold,25.70,25.76,25.45,2021-10-06-17:25:10,3630.11,True 
baseline_cold,25.70,25.76,25.45,2021-10-06-17:25:16,3635.79,True 
baseline_cold,25.70,25.76,25.45,2021-10-06-17:25:22,3641.47,True 
baseline_cold,25.70,25.70,25.45,2021-10-06-17:25:27,3647.14,True 
baseline_cold,25.70,25.76,25.45,2021-10-06-17:25:33,3652.83,True 
baseline_cold,25.70,25.70,25.45,2021-10-06-17:25:39,3658.51,True 
baseline_cold,25.70,25.70,25.45,2021-10-06-17:25:44,3664.19,True 
baseline_cold,25.70,25.70,25.45,2021-10-06-17:25:50,3669.87,True 
baseline_cold,25.64,25.70,25.45,2021-10-06-17:25:56,3675.55,True 
baseline_cold,25.70,25.70,25.45,2021-10-06-17:26:01,3681.23,True 
baseline_cold,25.70,25.70,25.45,2021-10-06-17:26:07,3686.91,True 
baseline_cold,25.64,25.70,25.39,2021-10-06-17:26:13,3692.59,True 
baseline_cold,25.64,25.70,25.39,2021-10-06-17:26:18,3698.26,True 
